<?xml version="1.0" encoding="UTF-8"?>
<!DOCTYPE suite SYSTEM "https://testng.org/testng-1.0.dtd">
<suite thread-count="2"  name="Regression"  verbose="10"  parallel="classes">
  <test name="Chrome">
    <classes>
      <class name="week5.day1.CreateLead"/>
      <class name="week5.day1.EditLead"/>
      <class name="week5.day1.DuplicateLead"/>
      <class name="week5.day1.MergeLead"/>
      <class name="week5.day1.DeleteLead"/>
    </classes>
  </test> <!-- Test -->
</suite> <!-- Suite -->
