<?xml version="1.0" encoding="UTF-8"?>
<!DOCTYPE suite SYSTEM "https://testng.org/testng-1.0.dtd">
<suite  thread-count="3"  name="Regression"  verbose="5"  parallel="classes">
  <test   name="Chrome">
    <classes>
      <class name="week5.day1.CreateContact"/>
      <class name="week5.day1.EditContact"/>
     <class name="week5.day1.MergeContacts1"/>
    </classes>
  </test> <!-- Test -->
   <test thread-count="3"  name="FireFox">
    <classes>
      <class name="week5.day1.CreateLead"/>
      <class name="week5.day1.EditLead"/>
      <class name="week5.day1.MergeLead"/>
    </classes>
  </test> <!-- Test -->
</suite> <!-- Suite -->
